Workbook

Sheet DailyEntries
A1: Tarih | B1: İçerik | C1: Stake | D1: Birim | E1: TL | F1: Oran | G1: Beklenen Sonuç (Brüt) | H1: Sonuç | I1: Net TL | J1: Maçlar
A2: 2025-12-05 | B2: Tek Roll | C2: 0.05x | D2: 5 | E2: =D2*Ayarlar!$B$4 | F2: 1.55 | G2: =E2*F2 | H2: Bekliyor | I2: =IF(H2="Tuttu",G2-E2,IF(H2="Yattı",-E2,0)) | J2: Mainz–Gladbach (0:2), GS–Samsun Ü1.5, Düsseldorf–Schalke Alt
A3: 2025-12-05 | B3: Atilla Spesiyal | C3: 0.02x | D3: 2 | E3: =D3*Ayarlar!$B$4 | F3: 2.9 | G3: =E3*F3 | H3: Bekliyor | I3: =IF(H3="Tuttu",G3-E3,IF(H3="Yattı",-E3,0)) | J3: GS–Samsun Ü0.5, Mainz–Gladbach H(0:1):2

Sheet Ayarlar
A1: Toplam Başlangıç Kasa | B1: 63000
A2: Tek Roll Yüzde | B2: 0.5
A3: Diğer Yüzde | B3: 0.5
A4: 1 Birim (TL) | B4: =B1/100
A6: Başlangıç Tek Roll Kasa | B6: =B1*B2
A7: Başlangıç Diğer Kasa | B7: =B1*B3

Sheet Summary
A1: Seçili Tarih | B1: 2025-12-05
A3: Başlangıç Tek Roll Kasa | B3: =Ayarlar!B6
A4: Başlangıç Diğer Kasa | B4: =Ayarlar!B7
A6: Tek Roll Bekleyen Stake (TL) | B6: =SUMIFS(DailyEntries!$E:$E,DailyEntries!$A:$A,"<="&$B$1,DailyEntries!$B:$B,"Tek Roll",DailyEntries!$H:$H,"Bekliyor")
A7: Tek Roll Net (Sonuçlanmış) | B7: =SUMIFS(DailyEntries!$I:$I,DailyEntries!$A:$A,"<="&$B$1,DailyEntries!$B:$B,"Tek Roll",DailyEntries!$H:$H,"<>Bekliyor")
A8: Tek Roll Reel Kasa | B8: =B3+B7-B6
A9: Tek Roll Bekleyen Brüt Dönüş | B9: =SUMIFS(DailyEntries!$G:$G,DailyEntries!$A:$A,"<="&$B$1,DailyEntries!$B:$B,"Tek Roll",DailyEntries!$H:$H,"Bekliyor")
A10: Tek Roll Teorik Maks Kasa | B10: =B8+B9
A12: Diğer Bekleyen Stake (TL) | B12: =SUMIFS(DailyEntries!$E:$E,DailyEntries!$A:$A,"<="&$B$1,DailyEntries!$B:$B,"<>Tek Roll",DailyEntries!$H:$H,"Bekliyor")
A13: Diğer Net (Sonuçlanmış) | B13: =SUMIFS(DailyEntries!$I:$I,DailyEntries!$A:$A,"<="&$B$1,DailyEntries!$B:$B,"<>Tek Roll",DailyEntries!$H:$H,"<>Bekliyor")
A14: Diğer Reel Kasa | B14: =B4+B13-B12
A15: Diğer Bekleyen Brüt Dönüş | B15: =SUMIFS(DailyEntries!$G:$G,DailyEntries!$A:$A,"<="&$B$1,DailyEntries!$B:$B,"<>Tek Roll",DailyEntries!$H:$H,"Bekliyor")
A16: Diğer Teorik Maks Kasa | B16: =B14+B15
A18: Toplam Reel Kasa | B18: =B8+B14
A19: Toplam Bekleyen Stake | B19: =B6+B12
A20: Toplam Bekleyen Brüt Dönüş | B20: =B9+B15
A21: Toplam Teorik Maks Kasa | B21: =B10+B16
